split,category,total_videos,total_time,avg_time_per_video,total_detections,avg_detections_per_video
train,normal,8,49.027501344680786,6.128437668085098,60201,7525.125
train,abnormal_physical,7,133.3612151145935,19.051602159227645,61747,8821.0
train,abnormal_biological,1,3.3747000694274902,3.3747000694274902,1804,1804.0
train,abnormal,4,147.2777328491211,36.81943321228027,35247,8811.75
