{
  "timestamp": "2025-10-15 19:30:39",
  "device": "cuda",
  "models": [
    "YOLOv8s",
    "YOLOv11s",
    "YOLOv11s-FT"
  ],
  "results": [
    {
      "model_name": "YOLOv8s",
      "video_name": "casia_angleview_p01_walk_a1.mp4",
      "total_frames": 230,
      "total_detections": 193,
      "avg_detections_per_frame": 0.8391304347826087,
      "avg_inference_time_ms": 42.62980689173159,
      "avg_fps": 26.523967563925527,
      "min_fps": 0.9738308317941776,
      "max_fps": 35.67040013607178,
      "avg_confidence": 0.7532654665603539,
      "min_confidence": 0.30158597230911255,
      "max_confidence": 0.868851900100708,
      "frames_with_detections": 189,
      "detection_rate": 82.17391304347827,
      "video_id": "1person_walk"
    },
    {
      "model_name": "YOLOv11s",
      "video_name": "casia_angleview_p01_walk_a1.mp4",
      "total_frames": 230,
      "total_detections": 189,
      "avg_detections_per_frame": 0.8217391304347826,
      "avg_inference_time_ms": 43.30243960670803,
      "avg_fps": 23.818843416466354,
      "min_fps": 4.126919655859132,
      "max_fps": 29.31378290922052,
      "avg_confidence": 0.8024672216208524,
      "min_confidence": 0.31203752756118774,
      "max_confidence": 0.8849607706069946,
      "frames_with_detections": 189,
      "detection_rate": 82.17391304347827,
      "video_id": "1person_walk"
    },
    {
      "model_name": "YOLOv11s-FT",
      "video_name": "casia_angleview_p01_walk_a1.mp4",
      "total_frames": 230,
      "total_detections": 190,
      "avg_detections_per_frame": 0.8260869565217391,
      "avg_inference_time_ms": 39.62144022402556,
      "avg_fps": 28.354602227304543,
      "min_fps": 3.2855966717140346,
      "max_fps": 44.587052195173804,
      "avg_confidence": 0.7890250689104984,
      "min_confidence": 0.272309809923172,
      "max_confidence": 0.8664165735244751,
      "frames_with_detections": 188,
      "detection_rate": 81.73913043478261,
      "video_id": "1person_walk"
    },
    {
      "model_name": "YOLOv8s",
      "video_name": "casia_angleview_p01p02_meettogether_a1.mp4",
      "total_frames": 217,
      "total_detections": 267,
      "avg_detections_per_frame": 1.2304147465437787,
      "avg_inference_time_ms": 36.67330082660447,
      "avg_fps": 28.189230667529767,
      "min_fps": 16.755634742451722,
      "max_fps": 37.387053643057065,
      "avg_confidence": 0.7335109226266097,
      "min_confidence": 0.28164103627204895,
      "max_confidence": 0.891905665397644,
      "frames_with_detections": 177,
      "detection_rate": 81.5668202764977,
      "video_id": "2people_meet"
    },
    {
      "model_name": "YOLOv11s",
      "video_name": "casia_angleview_p01p02_meettogether_a1.mp4",
      "total_frames": 217,
      "total_detections": 286,
      "avg_detections_per_frame": 1.3179723502304148,
      "avg_inference_time_ms": 49.25884409434235,
      "avg_fps": 21.362250618052194,
      "min_fps": 8.317608890510602,
      "max_fps": 28.207810724109407,
      "avg_confidence": 0.7785213129086928,
      "min_confidence": 0.25677865743637085,
      "max_confidence": 0.9154741764068604,
      "frames_with_detections": 183,
      "detection_rate": 84.33179723502305,
      "video_id": "2people_meet"
    },
    {
      "model_name": "YOLOv11s-FT",
      "video_name": "casia_angleview_p01p02_meettogether_a1.mp4",
      "total_frames": 217,
      "total_detections": 259,
      "avg_detections_per_frame": 1.1935483870967742,
      "avg_inference_time_ms": 33.909882268598,
      "avg_fps": 30.51304496434356,
      "min_fps": 10.981520754460101,
      "max_fps": 39.96554484125472,
      "avg_confidence": 0.7712364898685323,
      "min_confidence": 0.2514823377132416,
      "max_confidence": 0.8900867104530334,
      "frames_with_detections": 183,
      "detection_rate": 84.33179723502305,
      "video_id": "2people_meet"
    },
    {
      "model_name": "YOLOv8s",
      "video_name": "casia_angleview_p01p02_followtogether_a1.mp4",
      "total_frames": 351,
      "total_detections": 403,
      "avg_detections_per_frame": 1.1481481481481481,
      "avg_inference_time_ms": 50.692583421017034,
      "avg_fps": 22.123525753822655,
      "min_fps": 4.5254296904502445,
      "max_fps": 36.78149307656555,
      "avg_confidence": 0.7358542707362778,
      "min_confidence": 0.25674572587013245,
      "max_confidence": 0.894845187664032,
      "frames_with_detections": 228,
      "detection_rate": 64.95726495726495,
      "video_id": "2people_follow"
    },
    {
      "model_name": "YOLOv11s",
      "video_name": "casia_angleview_p01p02_followtogether_a1.mp4",
      "total_frames": 351,
      "total_detections": 408,
      "avg_detections_per_frame": 1.1623931623931625,
      "avg_inference_time_ms": 44.30413314080307,
      "avg_fps": 23.411972229911267,
      "min_fps": 6.314069841136028,
      "max_fps": 29.542761350669842,
      "avg_confidence": 0.7847632640132717,
      "min_confidence": 0.25482502579689026,
      "max_confidence": 0.8995958566665649,
      "frames_with_detections": 234,
      "detection_rate": 66.66666666666666,
      "video_id": "2people_follow"
    },
    {
      "model_name": "YOLOv11s-FT",
      "video_name": "casia_angleview_p01p02_followtogether_a1.mp4",
      "total_frames": 351,
      "total_detections": 407,
      "avg_detections_per_frame": 1.1595441595441596,
      "avg_inference_time_ms": 31.147958885910164,
      "avg_fps": 32.83231100130088,
      "min_fps": 18.56026338264383,
      "max_fps": 44.422716007540934,
      "avg_confidence": 0.7692192903461269,
      "min_confidence": 0.2514907717704773,
      "max_confidence": 0.885499894618988,
      "frames_with_detections": 236,
      "detection_rate": 67.23646723646723,
      "video_id": "2people_follow"
    },
    {
      "model_name": "YOLOv8s",
      "video_name": "casia_angleview_p01p02_overtake_a1.mp4",
      "total_frames": 301,
      "total_detections": 342,
      "avg_detections_per_frame": 1.1362126245847175,
      "avg_inference_time_ms": 38.4331723780331,
      "avg_fps": 26.748106419802948,
      "min_fps": 13.31897164922264,
      "max_fps": 36.2700426319385,
      "avg_confidence": 0.7131983940190042,
      "min_confidence": 0.2579682171344757,
      "max_confidence": 0.8981577157974243,
      "frames_with_detections": 198,
      "detection_rate": 65.78073089700996,
      "video_id": "2people_overtake"
    },
    {
      "model_name": "YOLOv11s",
      "video_name": "casia_angleview_p01p02_overtake_a1.mp4",
      "total_frames": 301,
      "total_detections": 345,
      "avg_detections_per_frame": 1.1461794019933556,
      "avg_inference_time_ms": 43.56934145043459,
      "avg_fps": 23.284642499958874,
      "min_fps": 15.616590959862982,
      "max_fps": 29.396167701602163,
      "avg_confidence": 0.7622659306595291,
      "min_confidence": 0.2515183389186859,
      "max_confidence": 0.8996830582618713,
      "frames_with_detections": 199,
      "detection_rate": 66.11295681063123,
      "video_id": "2people_overtake"
    },
    {
      "model_name": "YOLOv11s-FT",
      "video_name": "casia_angleview_p01p02_overtake_a1.mp4",
      "total_frames": 301,
      "total_detections": 331,
      "avg_detections_per_frame": 1.0996677740863787,
      "avg_inference_time_ms": 32.31748314790948,
      "avg_fps": 31.761679609842886,
      "min_fps": 14.30702269037126,
      "max_fps": 41.56232906575766,
      "avg_confidence": 0.7578262300469724,
      "min_confidence": 0.2561914920806885,
      "max_confidence": 0.8774431347846985,
      "frames_with_detections": 198,
      "detection_rate": 65.78073089700996,
      "video_id": "2people_overtake"
    },
    {
      "model_name": "YOLOv8s",
      "video_name": "S001C001P001R001A001_rgb.avi",
      "total_frames": 103,
      "total_detections": 103,
      "avg_detections_per_frame": 1.0,
      "avg_inference_time_ms": 27.701375553908857,
      "avg_fps": 37.02940341927796,
      "min_fps": 14.23032869201748,