split,category,total_videos,total_time,avg_time_per_video,total_detections,avg_detections_per_video
train,normal,8,42.016258001327515,5.252032250165939,59149,7393.625
train,abnormal_physical,7,92.0417149066925,13.148816415241786,60461,8637.285714285714
train,abnormal_biological,1,1.1211371421813965,1.1211371421813965,1403,1403.0
train,abnormal,4,109.49213433265686,27.373033583164215,34555,8638.75
