Model,Total_Videos,Total_Time_s,Avg_Time_per_Video_s,Videos_per_Hour
yolo11n,20,369.7761027812958,18.488805139064787,194.71242045780454
yolov10n,20,333.0411493778229,16.652057468891144,216.18950131089855
yolov8n,20,244.67124438285828,12.233562219142915,294.27242331483535
